[
	{
		"_id": "523",
		"name": "Boston",
		"timezone": "US/Eastern"
	},
	{
		"_id": "689",
		"name": "West Haven",
		"timezone": "US/Eastern"
	},
	{
		"_id": "608",
		"name": "Manchester",
		"timezone": "US/Eastern"
	},
	{
		"_id": "405",
		"name": "White River Junction",
		"timezone": "US/Eastern"
	},
	{
		"_id": "516",
		"name": "Bay Pines",
		"timezone": "US/Eastern"
	},
	{
		"_id": "546",
		"name": "Miami",
		"timezone": "US/Eastern"
	},
	{
		"_id": "548",
		"name": "West Palm Beach",
		"timezone": "US/Eastern"
	},
	{
		"_id": "573",
		"name": "Gainesville",
		"timezone": "US/Eastern"
	},
	{
		"_id": "672",
		"name": "San Juan",
		"timezone": "America/Puerto_Rico"
	},
	{
		"_id": "673",
		"name": "Tampa",
		"timezone": "US/Eastern"
	},
	{
		"_id": "675",
		"name": "Orlando",
		"timezone": "US/Eastern"
	},
	{
		"_id": "436",
		"name": "Fort Harrison",
		"timezone": "US/Mountain"
	},
	{
		"_id": "442",
		"name": "Cheyenne",
		"timezone": "US/Mountain"
	},
	{
		"_id": "554",
		"name": "Denver",
		"timezone": "US/Mountain"
	},
	{
		"_id": "575",
		"name": "Grand Junction",
		"timezone": "US/Mountain"
	},
	{
		"_id": "623",
		"name": "Muskogee",
		"timezone": "US/Central"
	},
	{
		"_id": "635",
		"name": "Oklahoma City",
		"timezone": "US/Central"
	},
	{
		"_id": "666",
		"name": "Sheridan",
		"timezone": "US/Mountain"
	},
	{
		"_id": "558",
		"name": "Durham",
		"timezone": "US/Eastern"
	},
	{
		"_id": "565",
		"name": "Fayetteville",
		"timezone": "US/Eastern"
	},
	{
		"_id": "590",
		"name": "Hampton",
		"timezone": "US/Eastern"
	},
	{
		"_id": "652",
		"name": "Richmond",
		"timezone": "US/Eastern"
	},
	{
		"_id": "658",
		"name": "Salem",
		"timezone": "US/Eastern"
	},
	{
		"_id": "659",
		"name": "Salisbury",
		"timezone": "US/Eastern"
	},
	{
		"_id": "537",
		"name": "Chicago",
		"timezone": "US/Central"
	},
	{
		"_id": "550",
		"name": "Danville",
		"timezone": "US/Central"
	},
	{
		"_id": "556",
		"name": "North Chicago",
		"timezone": "US/Central"
	},
	{
		"_id": "578",
		"name": "Hines",
		"timezone": "US/Central"
	},
	{
		"_id": "585",
		"name": "Iron Mountain",
		"timezone": "US/Eastern"
	},
	{
		"_id": "607",
		"name": "Madison",
		"timezone": "US/Central"
	},
	{
		"_id": "676",
		"name": "Tomah",
		"timezone": "US/Central"
	},
	{
		"_id": "695",
		"name": "Milwaukee",
		"timezone": "US/Central"
	},
	{
		"_id": "512",
		"name": "Baltimore",
		"timezone": "US/Eastern"
	},
	{
		"_id": "517",
		"name": "Beckley",
		"timezone": "US/Eastern"
	},
	{
		"_id": "540",
		"name": "Clarksburg",
		"timezone": "US/Eastern"
	},
	{
		"_id": "581",
		"name": "Huntington",
		"timezone": "US/Eastern"
	},
	{
		"_id": "613",
		"name": "Martinsburg",
		"timezone": "US/Eastern"
	},
	{
		"_id": "688",
		"name": "Washington",
		"timezone": "US/Eastern"
	},
	{
		"_id": "596",
		"name": "Lexington",
		"timezone": "US/Central"
	},
	{
		"_id": "603",
		"name": "Louisville",
		"timezone": "US/Central"
	},
	{
		"_id": "614",
		"name": "Memphis",
		"timezone": "US/Central"
	},
	{
		"_id": "621",
		"name": "Mountain Home",
		"timezone": "US/Eastern"
	},
	{
		"_id": "626",
		"name": "Nashville",
		"timezone": "US/Central"
	},
	{
		"_id": "526",
		"name": "Bronx",
		"timezone": "US/Eastern"
	},
	{
		"_id": "528",
		"name": "Buffalo",
		"timezone": "US/Eastern"
	},
	{
		"_id": "561",
		"name": "East Orange",
		"timezone": "US/Eastern"
	},
	{
		"_id": "630",
		"name": "New York",
		"timezone": "US/Eastern"
	},
	{
		"_id": "632",
		"name": "Northport",
		"timezone": "US/Eastern"
	},
	{
		"_id": "589",
		"name": "Kansas City",
		"timezone": "US/Central"
	},
	{
		"_id": "657",
		"name": "St. Louis",
		"timezone": "US/Central"
	},
	{
		"_id": "460",
		"name": "Wilmington",
		"timezone": "US/Eastern"
	},
	{
		"_id": "503",
		"name": "Altoona",
		"timezone": "US/Eastern"
	},
	{
		"_id": "529",
		"name": "Butler",
		"timezone": "US/Eastern"
	},
	{
		"_id": "542",
		"name": "Coatesville",
		"timezone": "US/Eastern"
	},
	{
		"_id": "562",
		"name": "Erie",
		"timezone": "US/Eastern"
	},
	{
		"_id": "595",
		"name": "Lebanon",
		"timezone": "US/Eastern"
	},
	{
		"_id": "642",
		"name": "Philadelphia",
		"timezone": "US/Eastern"
	},
	{
		"_id": "646",
		"name": "Pittsburgh",
		"timezone": "US/Eastern"
	},
	{
		"_id": "693",
		"name": "Wilkes-Barre",
		"timezone": "US/Eastern"
	},
	{
		"_id": "506",
		"name": "Ann Arbor",
		"timezone": "US/Eastern"
	},
	{
		"_id": "515",
		"name": "Battle Creek",
		"timezone": "US/Eastern"
	},
	{
		"_id": "539",
		"name": "Cincinnati",
		"timezone": "US/Eastern"
	},
	{
		"_id": "552",
		"name": "Dayton",
		"timezone": "US/Eastern"
	},
	{
		"_id": "757",
		"name": "Columbus",
		"timezone": "US/Eastern"
	},
	{
		"_id": "553",
		"name": "Detroit",
		"timezone": "US/Eastern"
	},
	{
		"_id": "610",
		"name": "Marion",
		"timezone": "US/Eastern"
	},
	{
		"_id": "655",
		"name": "Saginaw",
		"timezone": "US/Eastern"
	},
	{
		"_id": "501",
		"name": "Albuquerque",
		"timezone": "US/Mountain"
	},
	{
		"_id": "644",
		"name": "Phoenix",
		"timezone": "US/Arizona"
	},
	{
		"_id": "649",
		"name": "Prescott",
		"timezone": "US/Arizona"
	},
	{
		"_id": "600",
		"name": "Long Beach",
		"timezone": "US/Pacific"
	},
	{
		"_id": "605",
		"name": "Loma Linda",
		"timezone": "US/Pacific"
	},
	{
		"_id": "664",
		"name": "San Diego",
		"timezone": "US/Pacific"
	},
	{
		"_id": "691",
		"name": "Los Angeles",
		"timezone": "US/Pacific"
	},
	{
		"_id": "502",
		"name": "Pineville",
		"timezone": "US/Central"
	},
	{
		"_id": "520",
		"name": "Biloxi",
		"timezone": "US/Central"
	},
	{
		"_id": "564",
		"name": "Fayetteville",
		"timezone": "US/Central"
	},
	{
		"_id": "580",
		"name": "Houston",
		"timezone": "US/Central"
	},
	{
		"_id": "586",
		"name": "Jackson",
		"timezone": "US/Central"
	},
	{
		"_id": "598",
		"name": "Little Rock",
		"timezone": "US/Central"
	},
	{
		"_id": "667",
		"name": "Shreveport",
		"timezone": "US/Central"
	},
	{
		"_id": "629",
		"name": "New Orleans",
		"timezone": "US/Central"
	},
	{
		"_id": "437",
		"name": "Fargo",
		"timezone": "US/Central"
	},
	{
		"_id": "438",
		"name": "Sioux Falls",
		"timezone": "US/Central"
	},
	{
		"_id": "568",
		"name": "Fort Meade",
		"timezone": "US/Central"
	},
	{
		"_id": "618",
		"name": "Minneapolis",
		"timezone": "US/Central"
	},
	{
		"_id": "636",
		"name": "Omaha",
		"timezone": "US/Central"
	},
	{
		"_id": "656",
		"name": "St. Cloud",
		"timezone": "US/Central"
	},
	{
		"_id": "463",
		"name": "Anchorage",
		"timezone": "US/Alaska"
	},
	{
		"_id": "531",
		"name": "Boise",
		"timezone": "US/Mountain"
	},
	{
		"_id": "648",
		"name": "Portland",
		"timezone": "US/Pacific"
	},
	{
		"_id": "653",
		"name": "Roseburg",
		"timezone": "US/Pacific"
	},
	{
		"_id": "663",
		"name": "Seattle",
		"timezone": "US/Pacific"
	},
	{
		"_id": "668",
		"name": "Spokane",
		"timezone": "US/Pacific"
	},
	{
		"_id": "687",
		"name": "Walla Walla",
		"timezone": "US/Pacific"
	},
	{
		"_id": "692",
		"name": "White City",
		"timezone": "US/Pacific"
	},
	{
		"_id": "459",
		"name": "Honolulu",
		"timezone": "US/Hawaii"
	},
	{
		"_id": "570",
		"name": "Fresno",
		"timezone": "US/Pacific"
	},
	{
		"_id": "593",
		"name": "North Las Vegas",
		"timezone": "US/Pacific"
	},
	{
		"_id": "612",
		"name": "Mather",
		"timezone": "US/Pacific"
	},
	{
		"_id": "640",
		"name": "Palo Alto",
		"timezone": "US/Pacific"
	},
	{
		"_id": "654",
		"name": "Reno",
		"timezone": "US/Pacific"
	},
	{
		"_id": "662",
		"name": "San Francisco",
		"timezone": "US/Pacific"
	},
	{
		"_id": "402",
		"name": "Augusta",
		"timezone": "US/Eastern"
	},
	{
		"_id": "518",
		"name": "Bedford",
		"timezone": "US/Eastern"
	},
	{
		"_id": "631",
		"name": "Leeds",
		"timezone": "US/Eastern"
	},
	{
		"_id": "650",
		"name": "Providence",
		"timezone": "US/Eastern"
	},
	{
		"_id": "508",
		"name": "Decatur",
		"timezone": "US/Eastern"
	},
	{
		"_id": "509",
		"name": "Augusta",
		"timezone": "US/Eastern"
	},
	{
		"_id": "521",
		"name": "Birmingham",
		"timezone": "US/Central"
	},
	{
		"_id": "534",
		"name": "Charleston",
		"timezone": "US/Eastern"
	},
	{
		"_id": "544",
		"name": "Columbia",
		"timezone": "US/Eastern"
	},
	{
		"_id": "557",
		"name": "Dublin",
		"timezone": "US/Eastern"
	},
	{
		"_id": "619",
		"name": "Central Alabama",
		"timezone": "US/Central"
	},
	{
		"_id": "679",
		"name": "Tuscaloosa",
		"timezone": "US/Central"
	},
	{
		"_id": "504",
		"name": "Amarillo",
		"timezone": "US/Central"
	},
	{
		"_id": "519",
		"name": "Big Spring",
		"timezone": "US/Central"
	},
	{
		"_id": "549",
		"name": "North Texas",
		"timezone": "US/Central"
	},
	{
		"_id": "671",
		"name": "South Texas",
		"timezone": "US/Central"
	},
	{
		"_id": "674",
		"name": "Central Texas",
		"timezone": "US/Central"
	},
	{
		"_id": "740",
		"name": "Harlingen",
		"timezone": "US/Central"
	},
	{
		"_id": "756",
		"name": "El Paso",
		"timezone": "US/Central"
	},
	{
		"_id": "541",
		"name": "Cleveland",
		"timezone": "US/Eastern"
	},
  { "_id": "983", "name": "Cheyenne", "timezone": "US/Mountain" },
  { "_id": "984", "name": "Dayton", "timezone": "US/Eastern" }
]
